{"assets/images/.DS_Store":["assets/images/.DS_Store"],"assets/images/anuthabam_thedipaarq.png":["assets/images/anuthabam_thedipaarq.png"],"assets/images/banner1.png":["assets/images/banner1.png"],"assets/images/banner11.png":["assets/images/banner11.png"],"assets/images/banner12.png":["assets/images/banner12.png"],"assets/images/banner13.png":["assets/images/banner13.png"],"assets/images/banner14.png":["assets/images/banner14.png"],"assets/images/banner2.png":["assets/images/banner2.png"],"assets/images/banner3.png":["assets/images/banner3.png"],"assets/images/banner4.png":["assets/images/banner4.png"],"assets/images/fm_thedipaarq.png":["assets/images/fm_thedipaarq.png"],"assets/images/news1.jpeg":["assets/images/news1.jpeg"],"assets/images/newsApp.png":["assets/images/newsApp.png"],"assets/images/pasi_thedipaarq.png":["assets/images/pasi_thedipaarq.png"],"assets/images/product1.png":["assets/images/product1.png"],"assets/images/product2.png":["assets/images/product2.png"],"assets/images/product3.png":["assets/images/product3.png"],"assets/images/product4.png":["assets/images/product4.png"],"assets/images/product5.png":["assets/images/product5.png"],"assets/images/product6.png":["assets/images/product6.png"],"assets/images/product7.png":["assets/images/product7.png"],"assets/images/product8.png":["assets/images/product8.png"],"assets/images/sample1.png":["assets/images/sample1.png"],"assets/images/sample2.png":["assets/images/sample2.png"],"assets/images/sample3.png":["assets/images/sample3.png"],"assets/images/sample4.png":["assets/images/sample4.png"],"assets/images/sample5.png":["assets/images/sample5.png"],"assets/images/sample6.png":["assets/images/sample6.png"],"assets/images/thedipaarLogo.png":["assets/images/thedipaarLogo.png"],"assets/images/thedipaarq.png":["assets/images/thedipaarq.png"],"assets/socialIcons/facebook.png":["assets/socialIcons/facebook.png"],"assets/socialIcons/google.png":["assets/socialIcons/google.png"],"assets/socialIcons/linkedin.png":["assets/socialIcons/linkedin.png"],"assets/socialIcons/pinterest.png":["assets/socialIcons/pinterest.png"],"assets/socialIcons/twitter.png":["assets/socialIcons/twitter.png"],"assets/socialIcons/whatsapp.png":["assets/socialIcons/whatsapp.png"],"assets/videos/Thedipaar.mp4":["assets/videos/Thedipaar.mp4"],"packages/awesome_dialog/assets/flare/error.flr":["packages/awesome_dialog/assets/flare/error.flr"],"packages/awesome_dialog/assets/flare/info.flr":["packages/awesome_dialog/assets/flare/info.flr"],"packages/awesome_dialog/assets/flare/info2.flr":["packages/awesome_dialog/assets/flare/info2.flr"],"packages/awesome_dialog/assets/flare/info_without_loop.flr":["packages/awesome_dialog/assets/flare/info_without_loop.flr"],"packages/awesome_dialog/assets/flare/question.flr":["packages/awesome_dialog/assets/flare/question.flr"],"packages/awesome_dialog/assets/flare/succes.flr":["packages/awesome_dialog/assets/flare/succes.flr"],"packages/awesome_dialog/assets/flare/succes_without_loop.flr":["packages/awesome_dialog/assets/flare/succes_without_loop.flr"],"packages/awesome_dialog/assets/flare/warning.flr":["packages/awesome_dialog/assets/flare/warning.flr"],"packages/awesome_dialog/assets/flare/warning_without_loop.flr":["packages/awesome_dialog/assets/flare/warning_without_loop.flr"],"packages/awesome_dialog/assets/rive/error.riv":["packages/awesome_dialog/assets/rive/error.riv"],"packages/awesome_dialog/assets/rive/info.riv":["packages/awesome_dialog/assets/rive/info.riv"],"packages/awesome_dialog/assets/rive/info_reverse.riv":["packages/awesome_dialog/assets/rive/info_reverse.riv"],"packages/awesome_dialog/assets/rive/question.riv":["packages/awesome_dialog/assets/rive/question.riv"],"packages/awesome_dialog/assets/rive/success.riv":["packages/awesome_dialog/assets/rive/success.riv"],"packages/awesome_dialog/assets/rive/warning.riv":["packages/awesome_dialog/assets/rive/warning.riv"],"packages/cupertino_icons/assets/CupertinoIcons.ttf":["packages/cupertino_icons/assets/CupertinoIcons.ttf"],"packages/dropdown_model_list/assets/radio.png":["packages/dropdown_model_list/assets/radio.png"],"packages/fluttertoast/assets/toastify.css":["packages/fluttertoast/assets/toastify.css"],"packages/fluttertoast/assets/toastify.js":["packages/fluttertoast/assets/toastify.js"]}